"oCiType","oName","LocId","osType","osName","Domain","Operating_System"
"DCOM","appsvc1","PRM.CED","OS.VM","APPSVC1","deltabank","Microsoft Windows 2012 R2 Standard"
"DCOM","DEV_NLB12","PRM.CED","OS.VM","OLD_DEV_NLB12","deltabank","Microsoft Windows 2003 Standard"
"DCOM","PP_NLB11","PRM.CED","OS.VM","PP_NLB11","deltabank","Microsoft Windows 2012 R2 Standard"
"DCOM","PP_NLB12","PRM.CED","OS.VM","PP_NLB12","deltabank","Microsoft Windows 2012 R2 Standard"
"DCOM","PP_NLB13","PRM.CED","OS.VM","PP_NLB13","deltabank","Microsoft Windows 2012 R2 Standard"
"DCOM","ssebank1","PRM.CED","OS.VM","SSEBANK1","ebank","Microsoft Windows 2003 Standard"
"DCOM","ssebank2","PRM.CED","OS.VM","SSEBANK2","ebank","Microsoft Windows 2003 Standard"
"IIS","Adapter5","PRM.CED","OS.VM","ADAPTER5","ebank","Microsoft Windows 2003 Standard"
"IIS","ADMINWEB","PRM.CED","OS.VM","ADMINWEB","ebank","Microsoft® Windows ® 2008 Standard"
"IIS","APPWEB1","PRM.CED","OS.VM","APPWEB1","deltabank","Microsoft Windows 2012 R2 Standard"
"IIS","bibco-app1","PRM.CED","OS.VM","BIBCO-APP1","deltabank","Microsoft Windows 2008 R2 Standard"
"IIS","bibco-app2","PRM.CED","OS.VM","BIBCO-APP2","deltabank","Microsoft Windows 2008 R2 Standard"
"IIS","bibco-lb","PRM.CED","OS.VM","BIBCO-LB","deltabank","Microsoft Windows 2008 R2 Standard"
"IIS","BIZONLINE","PRM.CED","OS.VM","BIZONLINE","online","Microsoft® Windows ® 2008 Standard"
"IIS","Broker","PRM.CED","OS.VM","BROKER","WORKGROUP","Microsoft Windows 2012 R2 Standard"
"IIS","BWNET","PRM.CED","OS.VM","BWnet","DELTABANK","Windows 2000 Professional"
"IIS","Card0008","PRM.CED","OS.VM","CARD0008","deltabank","Microsoft Windows 2003 Standard"
"IIS","ccibweb","SRB.BGD.SS","OS.VM","CCIBWEB","deltabank","Microsoft Windows 2008 R2 Standard"
"IIS","CRITES1","PRM.CED","OS.VM","CRITES1","deltabank","Microsoft Windows 2003 Standard"
"IIS","CW-WEB-01","PRM.CED","OS.VM","CW-WEB-01","WORKGROUP","Microsoft Windows 2008 R2 Standard"
"IIS","CW-WEB-02","PRM.CED","OS.VM","CW-WEB-02","WORKGROUP","Microsoft Windows 2008 R2 Standard"
"IIS","DBAF1","PRM.CED","OS.VM","DBAF1","deltabank","Microsoft Windows 2012 R2 Standard"
"IIS","DBAF2","PRM.CED","OS.VM","DBAF2","deltabank","Microsoft Windows 2008 R2 Standard"
"IIS","DBAF3","PRM.CED","OS.VM","DBAF3","deltabank","Microsoft Windows 2012 R2 Standard"
"IIS","DD-APP","PRM.CED","OS.VM","DD-APP","deltabank","Microsoft Windows 2008 R2 Standard"
"IIS","DG-test-01","PRM.CED","OS.VM","DG-TEST-01","WORKGROUP","Microsoft Windows 2003 Standard"
"IIS","EbankSysMng","PRM.CED","OS.VM","EBANKSYSMNG","deltabank","Microsoft Windows 2003 Standard"
"IIS","eBoard","PRM.CED","OS.VM","EBOARD","deltabank","Microsoft Windows 2012 R2 Standard"
"IIS","ECAWEBENROLL","SRB.BGD.SS","OS.VM","ECAWEBENROLL2","WORKGROUP","Microsoft Windows 2012 R2 Standard"
"IIS","faktoring","PRM.CED","OS.VM","FAKTORING","deltabank","Microsoft Windows 2003 Standard"
"IIS","FXSERVICE1","PRM.CED","OS.VM","FXSERVICE1","WORKGROUP","Microsoft Windows 2003 Standard"
"IIS","FXSERVICE2","PRM.CED","OS.VM","FXService2","DMZ","Microsoft Windows 2003 Standard"
"IIS","FXSERVICE6","PRM.CED","OS.VM","FXSERVICE6","DMZ","Microsoft Windows 2003 Standard"
"IIS","ICT-BARCODE-01","SRB.BGD.SS","OS.ESX","BIB-ESX-02","deltabank","Vmware ESX Server 5"
"IIS","ICT-BARCODE-01","SRB.BGD.SS","OS.VM","ICT-BARCODE-01","deltabank","Microsoft Windows 2012 R2 Standard"
"IIS","inexNLB1","PRM.CED","os.vm","INEXNLB1","deltabank","Microsoft Windows 2012 R2 Standard"
"IIS","inexNLB2","PRM.CED","os.vm","INEXNLB2","deltabank","Microsoft Windows 2012 R2 Standard"
"IIS","LibraSrv","PRM.CED","OS.VM","LIBRASRV","deltabank","Microsoft Windows 2008 R2 Standard"
"IIS","MB-APP-2","PRM.CED","OS.VM","MB-APP-2","ebank","Microsoft® Windows ® 2008 Standard"
"IIS","mpayment","PRM.CED","OS.VM","MPAYMENT","WORKGROUP","Microsoft Windows 2003 Standard"
"IIS","MTSCoBrand","PRM.CED","os.ESX","BIB-VWPAP-A12","ESX","Vmware ESX Server 5"
"IIS","newweb-online-02","PRM.CED","OS.VM","NEWWEB-ONLINE-2","WORKGROUP","Microsoft Windows 2008 R2 Standard"
"IIS","office2","PRM.CED","OS.VM","office2","DMZ","Microsoft® Windows ® 2008 Standard"
"IIS","Office3","PRM.CED","OS.VM","Office3","DMZ","Microsoft Windows 2008 R2 Standard"
"IIS","PDFONLINE1","PRM.CED","OS.VM","PDFONLINE1","online","Microsoft Windows 2003 Standard"
"IIS","SPK2RETAIL-01","PRM.CED","OS.VM","SPK2RETAIL-01","deltabank","Microsoft Windows 2012 R2 Standard"
"IIS","SPK2RETAIL-02","PRM.CED","OS.VM","SPK2RETAIL-02","deltabank","Microsoft Windows 2012 R2 Standard"
"IIS","srvc-noncore-01","SRB.BGD.SS","OS.VM","SRVC-NONCORE-01","deltabank","Microsoft Windows 2008 R2 Standard"
"IIS","VPNEBANK1","PRM.CED","OS.VM","VPNEBANK1","ebank","Microsoft Windows 2012 R2 Standard"
"IIS","WEBLOCAL-01","PRM.CED","OS.VM","WEBLOCAL-01","deltabank","Microsoft Windows 2003 Enterprise"
"IIS","wsaCrintesa01","PRM.CED","OS.VM","WSACRINTESA01","deltabank","Microsoft® Windows ® 2008 Standard"
"IIS","wsaCrintesa02","PRM.CED","OS.VM","WSACRINTESA02","deltabank","Microsoft® Windows ® 2008 Standard"
"IIS","wu-test-01","PRM.CED","OS.VM","WU-TEST-01","WORKGROUP","Microsoft Windows 2003 Standard"
"IIS","xenapp-es1","PRM.CED","OS.VM","XENAPP-ES1","deltabank","Microsoft Windows 2003 Standard"
"IIS","XENAPP-WI1","PRM.CED","OS.VM","XENAPP-WI1","deltabank","Microsoft Windows 2003 Standard"
"IIS","XENAPP-WI2","PRM.CED","OS.VM","XENAPP-WI2","deltabank","Microsoft Windows 2003 Standard"
"ORACLE.DB","AEXProPrint","SRB.BGD.SS","OS.VM","AEXPROPRINT","deltabank","Microsoft Windows 2003 Standard"
"ORACLE.DB","crs2324p","PRM.CED","OS","card23","deltabank","Oracle Linux 5.9 (x86_64)"
"ORACLE.DB","crsStby2","PRM.CED","OS","card25","deltabank","Oracle Linux 5.9 (x86_64)"
"ORACLE.DB","logsrv","SRB.BGD.SS","OS.VM","LOGSRV","deltabank","Microsoft Windows 2003 Standard"
"ORACLE.DB","MB-APP-1","PRM.CED","OS.VM","MB-APP-1","ebank","Microsoft® Windows ® 2008 Standard"
"ORACLE.DB","ORAARH","PRM.CED","OS","oraarh","deltabank","Oracle Linux 5.9 (x86_64)"
"share","BIBCOFS","PRM.CED","OS","BIBCO-NODE1","deltabank","Microsoft Windows 2012 R2 Standard"
"SHARE","Card0008","PRM.CED","OS.VM","CARD0008","deltabank","Microsoft Windows 2003 Standard"
"share","citrix-fs","PRM.CED","OS","OCR-NODE21","deltabank","Microsoft Windows 2008 R2 Enterprise"
"share","FSI","SRB.BGD.SS","OS","FSI-NODE1","deltabank","Microsoft® Windows ® 2008 Enterprise"
"share","FSI","SRB.BGD.SS","OS","FSI-NODE2","deltabank","Microsoft® Windows ® 2008 Enterprise"
"share","ocrfs","PRM.CED","OS","OCR-NODE21","deltabank","Microsoft Windows 2008 R2 Enterprise"
"SHARE","PARMASHARE","PRM.CED","OS.VM","PARMASHARE","deltabank","Microsoft Windows 2012 R2 Standard"
"OS.VM","FDDB","PRM.CED","OS.VM","FDDB","deltabank","Microsoft Windows 2016 Standard"
"OS.VM","XENAPP-PP-002","PRM.CED","OS.VM","XENAPP-PP-002","deltabank","Microsoft Windows 2003 Standard"
"OS.VM","XENAPP-109","PRM.CED","OS.VM","XENAPP-109","deltabank","Microsoft Windows 2003 Standard"
"OS.VM","XENAPP-037","PRM.CED","OS.VM","XENAPP-037","deltabank","Microsoft Windows 2003 Standard"
"OS.VM","smtpq","PRM.CED","OS.VM","smtpq","deltabank","CentOS 6.9 (x86_64)"
"OS.VM","ADAPTER3","PRM.CED","OS.VM","ADAPTER3","ebank","Microsoft Windows 2003 Standard"
"OS.VM","XENAPP-016","PRM.CED","OS.VM","XENAPP-016","deltabank","Microsoft Windows 2003 Standard"
"OS.VM","XENAPP-025","PRM.CED","OS.VM","XENAPP-025","deltabank","Microsoft Windows 2003 Standard"
"OS.VM","INV-WEB-01","PRM.CED","OS.VM","INV-WEB-01","DELTABANK","Microsoft Windows 2016 Standard"
"OS.VM","dmz-bg-nessus","SRB.BGD.SS","OS.VM","dmz-bg-nessus","DMZ","CentOS 5 server edition"
"OS.VM","SE-SECSQL2","SRB.BGD.SS","OS.VM","SE-SECSQL2","deltabank","Microsoft Windows 2008 R2 Standard"
"OS.VM","SPAZIO","PRM.CED","OS.VM","SPAZIO","deltabank","Microsoft Windows 2012 R2 Standard"
"OS.VM","EBANKSYSMNG","PRM.CED","OS.VM","EBANKSYSMNG","deltabank","Microsoft Windows 2003 Standard"
"OS.VM","XENAPP-PF1","PRM.CED","OS.VM","XENAPP-PF1","deltabank","Microsoft Windows 2003 Standard"
"OS.VM","IAM12-WEB","PRM.CED","OS.VM","IAM12-WEB","deltabank","Microsoft Windows 2012 Standard"
"OS.VM","VQTRANSFER1","PRM.CED","OS.VM","VQTRANSFER1","ebank","Microsoft Windows 2003 Standard"
"OS.VM","BI-REPORT2","PRM.CED","OS.VM","BI-REPORT2","deltabank","Microsoft Windows 2008 R2 Standard"
"OS.VM","dns-dmz1","SRB.BGD.SS","OS.VM","dns-dmz1","DMZ","CentOS 6.9 (x86_64)"
"OS.VM","STD7-MAS-06","PRM.CED","OS.VM","STD7-MAS-06","deltabank","Microsoft Windows 7 Enterprise"
"OS.VM","EFMSSERVER","SRB.BGD.SS","OS.VM","EFMSSERVER","deltabank","Microsoft Windows 2012 R2 Standard"
"OS","DREX1","SRB.NS","OS","DREX1","deltabank","Microsoft Windows 2012 Standard"
"OS.VM","cm-tftp-01","SRB.BGD.HLD","OS.VM","cm-tftp-01","LINUX","Red Hat Enterprise Linux 6"
"OS.VM","FOGLIGHTPI","PRM.CED","OS.VM","FOGLIGHTPI","deltabank","Microsoft Windows 2012 R2 Standard"
"OS.VM","OBR7-MAS-33","PRM.CED","OS.VM","OBR7-MAS-33","DELTABANK","Microsoft Windows 7 Professional"
"OS.VM","edms-arhiva1","PRM.CED","OS.VM","edms-arhiva1","deltabank","CentOS 6.3 (i686)"
"OS.VM","OBR7-MAS-23","PRM.CED","OS.VM","OBR7-MAS-23","deltabank","Microsoft Windows 7 Enterprise"
"OS.VM","OBR7-MAS-18","PRM.CED","OS.VM","OBR7-MAS-18","deltabank","Microsoft Windows 7 Enterprise"
"OS.VM","PCWEBPRINT","SRB.BGD.SS","OS.VM","PCWEBPRINT","deltabank","Microsoft Windows 7 Enterprise"
"OS.VM","SE-BG-NETCA","SRB.BGD.SS","OS.VM","SE-BG-NETCA","deltabank","Microsoft Windows 2012 R2 Standard"
"OS.VM","PROJECTSRV02","PRM.CED","OS.VM","PROJECTSRV02","deltabank","Microsoft Windows 2008 R2 Standard"
"OS","CISCOWORKS01","SRB.BGD.SS","OS","CISCOWORKS01","deltabank","Microsoft® Windows ® 2008 Standard"
"OS.VM","PRGWS04","PRM.CED","OS.VM","PRGWS04","deltabank","Microsoft Windows 7 Enterprise"
"OS.VM","XENAPP-076","PRM.CED","OS.VM","XENAPP-076","deltabank","Microsoft Windows 2003 Standard"
"OS.VM","cc-epm7","SRB.BGD.SS","OS.VM","cc-epm7","deltabank","Red Hat Enterprise Linux 6.4 (x86_64)"
"OS.VM","XENAPP-092","PRM.CED","OS.VM","XENAPP-092","deltabank","Microsoft Windows 2003 Standard"
"OS.VM","OCR7-PS-06","PRM.CED","OS.VM","OCR7-PS-06","deltabank","Microsoft Windows 7 Enterprise"
"OS.VM","OBR7-MAS-FTP","PRM.CED","OS.VM","OBR7-MAS-FTP","deltabank","Microsoft Windows 7 Enterprise"
"OS.VM","WEBLOCAL-01","PRM.CED","OS.VM","WEBLOCAL-01","deltabank","Microsoft Windows 2003 Enterprise"
"OS.VM","PBDM-WS","PRM.CED","OS.VM","PBDM-WS","deltabank","Microsoft Windows XP Professional"
"OS.VM","XENAPP-042","PRM.CED","OS.VM","XENAPP-042","deltabank","Microsoft Windows 2003 Standard"
"OS.VM","alteonva","SRB.BGD.SS","OS.VM","alteonva","DELTABANK","CentOS 3.4 server edition"
"OS.VM","OBR7-MAS-34","PRM.CED","OS.VM","OBR7-MAS-34","deltabank","Microsoft Windows 7 Enterprise"
"OS.VM","OBR7-MAS-12","PRM.CED","OS.VM","OBR7-MAS-12","deltabank","Microsoft Windows 7 Enterprise"
"OS.VM","SW-03","PRM.CED","OS.VM","SW-03","deltabank","Microsoft Windows 2012 R2 Standard"
"OS.VM","XENAPP-017","PRM.CED","OS.VM","XENAPP-017","deltabank","Microsoft Windows 2003 Standard"
"OS.VM","3par-vsp","SRB.BGD.SS","OS.VM","3par-vsp","DELTABANK","Red Hat Enterprise Linux 5"
"OS.VM","arcmc","SRB.BGD.SS","OS.VM","arcmc","DELTABANK","CentOS Linux 7.0 (x86_64)"
"OS.VM","OBR7-MAS-27","PRM.CED","OS.VM","OBR7-MAS-27","deltabank","Microsoft Windows 7 Enterprise"
"OS.VM","prx-dmz3","SRB.BGD.SS","OS.VM","prx-dmz3","DMZ","CentOS 6.9 (x86_64)"
"OS.VM","XENAPP-053","PRM.CED","OS.VM","XENAPP-053","deltabank","Microsoft Windows 2003 Standard"
"OS.VM","cucm2","SRB.BGD.SS","OS.VM","cucm2","LINUX","Red Hat Enterprise Linux 6"
"OS.VM","ICT-SYSLOG-01","SRB.BGD.SS","OS.VM","ICT-SYSLOG-01","deltabank","Microsoft® Windows ® 2008 Standard"
"OS.VM","APPCONTENT2","PRM.CED","OS.VM","APPCONTENT2","deltabank","Microsoft Windows 2016 Standard"
"OS.VM","XENAPP-115","PRM.CED","OS.VM","XENAPP-115","deltabank","Microsoft Windows 2003 Standard"
"OS.VM","XENAPP-116","PRM.CED","OS.VM","XENAPP-116","deltabank","Microsoft Windows 2003 Standard"
"OS.VM","PHONEX","SRB.BGD.SS","OS.VM","PHONEX","deltabank","Microsoft Windows 2012 Standard"
"OS.VM","OB-GATEWAY","PRM.CED","OS.VM","OB-GATEWAY","ebank","Microsoft® Windows ® 2008 Standard"
"OS.VM","CC-AICMM","PRM.CED","OS.VM","CC-AICMM","deltabank","Microsoft Windows 2012 R2 Standard"
"OS.VM","PRGMAS03","PRM.CED","OS.VM","PRGMAS03","deltabank","Microsoft Windows XP Professional"
"OS.VM","XENAPP-069","PRM.CED","OS.VM","XENAPP-069","deltabank","Microsoft Windows 2003 Standard"
"OS","OCR-NODE21","PRM.CED","OS","OCR-NODE21","deltabank","Microsoft Windows 2008 R2 Enterprise"
"OS.VM","LEASING-CALC","SRB.BGD.SS","OS.VM","LEASING-CALC","WORKGROUP","Microsoft Windows 2008 R2 Standard"
"OS.VM","XENAPP-006","PRM.CED","OS.VM","XENAPP-006","deltabank","Microsoft Windows 2003 Standard"
"OS.VM","SE-BG-06","SRB.BGD.SS","OS.VM","SE-BG-06","deltabank","Microsoft Windows 2012 R2 Standard"
"OS.VM","ADFSNLB2","SRB.BGD.SS","OS.VM","ADFSNLB2","deltabank","Microsoft Windows 2012 R2 Standard"
"OS.AIX","mq-aml","PRM.CAMPUS","OS.AIX","mq-aml","deltabank","AIX 6.1"
"OS.VM","XENAPP-AD1","PRM.CED","OS.VM","XENAPP-AD1","deltabank","Microsoft Windows 2003 Standard"
"OS.VM","PRGWS10","PRM.CED","OS.VM","PRGWS10","deltabank","Microsoft Windows 7 Enterprise"
"OS.VM","EDMS04","PRM.CED","OS.VM","EDMS04","deltabank","Microsoft Windows 2012 R2 Standard"
"OS.VM","EX-GC-12","SRB.BGD.SS","OS.VM","EX-GC-12","deltabank","Microsoft Windows 2016 Standard"
"OS.VM","IAM-BI2","PRM.CED","OS.VM","IAM-BI2","deltabank","Microsoft Windows 2008 R2 Standard"
"OS.VM","CARD-MAS-01","PRM.CED","OS.VM","CARD-MAS-01","DELTABANK","Microsoft Windows 2000 Server"
"OS.VM","OCR7-PS-17","PRM.CED","OS.VM","OCR7-PS-17","deltabank","Microsoft Windows 7 Enterprise"
"OS.VM","CC-IC73VOICE","SRB.BGD.SS","OS.VM","CC-IC73VOICE","deltabank","Microsoft Windows 2008 R2 Standard"
"OS.VM","QUESTMW","PRM.CED","OS.VM","QUESTMW","deltabank","Microsoft® Windows ® 2008 Standard"
"OS.VM","cc-smgr","SRB.BGD.SS","OS.VM","cc-smgr","DELTABANK","CentOS 5 server edition"
"OS.VM","SW-04","PRM.CED","OS.VM","SW-04","deltabank","Microsoft Windows 2012 R2 Standard"
"OS.VM","OBR7-MAS-06","PRM.CED","OS.VM","OBR7-MAS-06","deltabank","Microsoft Windows 7 Enterprise"
"OS.VM","BI-REPORT1","PRM.CED","OS.VM","BI-REPORT1","deltabank","Microsoft Windows 2008 R2 Standard"
"OS.VM","XENAPP-048","PRM.CED","OS.VM","XENAPP-048","deltabank","Microsoft Windows 2003 Standard"
"OS.VM","EXNLB2","PRM.CED","OS.VM","EXNLB2","WORKGROUP","Microsoft Windows 2012 R2 Standard"
"OS.VM","HAL2","PRM.CED","OS.VM","HAL2","ebank","Microsoft Windows 2012 R2 Standard"
"OS.VM","EGAIN-APP","PRM.CED","OS.VM","EGAIN-APP","deltabank","Microsoft Windows 2012 R2 Standard"
"OS.VM","ADMINWEB","PRM.CED","OS.VM","ADMINWEB","ebank","Microsoft® Windows ® 2008 Standard"
"OS.VM","dns-dmz3","PRM.CED","OS.VM","dns-dmz3","DMZ","CentOS 6.9 (x86_64)"
"OS","EX-NODE-02","SRB.BGD.SS","OS","EX-NODE-02","deltabank","Microsoft Windows 2012 Standard"
"OS.VM","OBR7-MAS-28","PRM.CED","OS.VM","OBR7-MAS-28","deltabank","Microsoft Windows 7 Enterprise"
"OS.VM","DLP-NETDISC-ITA","PRM.CED","OS.VM","DLP-NETDISC-ITA","deltabank","Microsoft Windows 2012 Standard"
"OS.VM","XENAPP-056","PRM.CED","OS.VM","XENAPP-056","deltabank","Microsoft Windows 2003 Standard"
"OS.VM","apsloan","PRM.CED","OS.VM","apsloan","deltabank","CentOS Linux 7.0 (x86_64)"
"OS.VM","MOBICORPAPP1","PRM.CED","OS.VM","MOBICORPAPP1","deltabank","Microsoft Windows 2016 Standard"
"OS.VM","fdapp","PRM.CED","OS.VM","fdapp","deltabank","CentOS Linux 7.0 (x86_64)"
"OS.VM","CW-ADAPTER-01","PRM.CED","OS.VM","CW-ADAPTER-01","ebank","Microsoft Windows 2008 R2 Standard"
"OS.VM","ARHWB","PRM.CED","OS.VM","ARHWB","deltabank","Microsoft Windows 2012 R2 Standard"
"OS.VM","cucm3","SRB.BGD.HLD","OS.VM","cucm3","LINUX","Red Hat Enterprise Linux 6"
"OS.VM","PERIKLEDB","PRM.CED","OS.VM","PERIKLEDB","deltabank","Microsoft Windows 2012 R2 Standard"
"OS.VM","ARRWEB2","PRM.CED","OS.VM","ARRWEB2","deltabank","Microsoft Windows 2016 Standard"
"OS.VM","BIBCOISS-APP3","PRM.CED","OS.VM","BIBCOISS-APP3","deltabank","Microsoft Windows 2012 R2 Standard"
"OS.VM","CRITES1","PRM.CED","OS.VM","CRITES1","deltabank","Microsoft Windows 2003 Standard"
"OS.VM","XENAPP-082","PRM.CED","OS.VM","XENAPP-082","deltabank","Microsoft Windows 2003 Standard"
"OS.VM","LEASINGB2BFE","PRM.CED","OS.VM","LEASINGB2BFE","deltabank","Microsoft Windows 2012 R2 Standard"
"OS.VM","cc-mpp72","SRB.BGD.SS","OS.VM","cc-mpp72","deltabank","Red Hat Enterprise Linux 6.4 (x86_64)"
"OS.VM","ATS-PAZARI","PRM.CED","OS.VM","ATS-PAZARI","deltabank","Microsoft Windows 2016 Standard"
"OS.VM","MOBI-APP-1","PRM.CED","OS.VM","MOBI-APP-1","online","Microsoft Windows 2008 R2 Standard"
"OS.VM","XENAPP-014","PRM.CED","OS.VM","XENAPP-014","deltabank","Microsoft Windows 2003 Standard"
"OS.VM","XENAPP-018","PRM.CED","OS.VM","XENAPP-018","deltabank","Microsoft Windows 2003 Standard"
"OS.VM","BIBCO-LB","PRM.CED","OS.VM","BIBCO-LB","deltabank","Microsoft Windows 2008 R2 Standard"
"OS","BACKUP-NODE3","SRB.BGD.SS","OS","BACKUP-NODE3","deltabank","Microsoft Windows 2008 R2 Enterprise"
"OS.VM","XENAPP-104","PRM.CED","OS.VM","XENAPP-104","deltabank","Microsoft Windows 2003 Standard"
"OS.VM","XENAPP-110","PRM.CED","OS.VM","XENAPP-110","deltabank","Microsoft Windows 2003 Standard"
"OS.VM","SCCM-BG-01","SRB.BGD.SS","OS.VM","SCCM-BG-01","deltabank","Microsoft Windows 2012 R2 Standard"
"OS.VM","TSSRV","PRM.CED","OS.VM","TSSRV","deltabank","Microsoft Windows 2008 R2 Standard"
"OS.VM","CCSQL","SRB.BGD.SS","OS.VM","CCSQL","deltabank","Microsoft Windows 2008 R2 Standard"
"OS.VM","CC-SENTINEL","SRB.BGD.SS","OS.VM","CC-SENTINEL","deltabank","Microsoft Windows 2008 R2 Standard"
"OS.VM","INV-APP-01","PRM.CED","OS.VM","INV-APP-01","deltabank","Microsoft Windows 2016 Standard"
"OS.VM","OBR-MAS-17","PRM.CED","OS.VM","OBR-MAS-17","deltabank","Microsoft Windows 2003 Standard"
"OS","BACKUP-NODE1","SRB.BGD.SS","OS","BACKUP-NODE1","deltabank","Microsoft Windows 2008 R2 Enterprise"
"OS.VM","Office3","PRM.CED","OS.VM","Office3","DMZ","Microsoft Windows 2008 R2 Standard"
"OS.VM","VQTRANSFER11","PRM.CED","OS.VM","VQTRANSFER11","ebank","Microsoft Windows 2003 Standard"
"OS.VM","BWnet","PRM.CED","OS.VM","BWnet","DELTABANK","Windows 2000 Professional"
"OS.VM","OBR7-MAS-09","PRM.CED","OS.VM","OBR7-MAS-09","deltabank","Microsoft Windows 7 Enterprise"
"OS.VM","ICT-BARCODE-01","SRB.BGD.SS","OS.VM","ICT-BARCODE-01","deltabank","Microsoft Windows 2012 R2 Standard"
"OS.VM","ARISPS","PRM.CED","OS.VM","ARISPS","deltabank","Microsoft Windows 2012 R2 Standard"
"OS.VM","ERASERNEW2","SRB.BGD.SS","OS.VM","ERASERNEW2","deltabank","Microsoft Windows 2012 R2 Standard"
"OS.VM","OBR7-MAS-14","PRM.CED","OS.VM","OBR7-MAS-14","deltabank","Microsoft Windows 7 Enterprise"
"OS.VM","OBR7-MAS-31","PRM.CED","OS.VM","OBR7-MAS-31","deltabank","Microsoft Windows 7 Enterprise"
"OS","WBNODE1","PRM.CED","OS","WBNODE1","deltabank","Microsoft Windows 2012 R2 Standard"
"OS","oraarh","PRM.CED","OS","oraarh","deltabank","Oracle Linux 5.9 (x86_64)"
"OS.VM","DC-PARMA-11","PRM.CED","OS.VM","DC-PARMA-11","deltabank","Microsoft Windows 2016 Standard"
"OS","BGDSQL-NODE2","SRB.BGD.SS","OS","BGDSQL-NODE2","deltabank","Microsoft Windows 2008 R2 Enterprise"
"OS.VM","SAFEGUARD","SRB.BGD.SS","OS.VM","SAFEGUARD","deltabank","Microsoft® Windows ® 2008 Standard"
"OS.VM","XENAPP-093","PRM.CED","OS.VM","XENAPP-093","deltabank","Microsoft Windows 2003 Standard"
"OS.VM","OCR7-PS-19","PRM.CED","OS.VM","OCR7-PS-19","deltabank","Microsoft Windows 7 Enterprise"
"OS.VM","PP_NLB12","PRM.CED","OS.VM","PP_NLB12","deltabank","Microsoft Windows 2012 R2 Standard"
"OS.VM","INV-DB-01","PRM.CED","OS.VM","INV-DB-01","deltabank","Microsoft Windows 2016 Standard"
"OS.VM","fdappdb","PRM.CED","OS.VM","fdappdb","deltabank","CentOS Linux 7.0 (x86_64)"
"OS.VM","OBR7-MAS-30","PRM.CED","OS.VM","OBR7-MAS-30","deltabank","Microsoft Windows 7 Enterprise"
"OS.VM","AEXPROPRINT","SRB.BGD.SS","OS.VM","AEXPROPRINT","deltabank","Microsoft Windows 2003 Standard"
"OS.VM","dns-dmz4","PRM.CED","OS.VM","dns-dmz4","DMZ","CentOS 6.9 (x86_64)"
"OS.VM","mx-out-02","PRM.CED","OS.VM","mx-out-02","DMZ","CentOS 6.9 (x86_64)"
"OS.VM","XENAPP-084","PRM.CED","OS.VM","XENAPP-084","deltabank","Microsoft Windows 2003 Standard"
"OS.VM","OCR7-PS-09","PRM.CED","OS.VM","OCR7-PS-09","deltabank","Microsoft Windows 7 Enterprise"
"OS.VM","DLP-MAIL1","SRB.BGD.SS","OS.VM","DLP-MAIL1","WORKGROUP","Microsoft Windows 2012 Standard"
"OS.VM","BROKER","PRM.CED","OS.VM","BROKER","WORKGROUP","Microsoft Windows 2012 R2 Standard"
"OS.VM","DG-TEST-01","PRM.CED","OS.VM","DG-TEST-01","WORKGROUP","Microsoft Windows 2003 Standard"
"OS.VM","EDMS","PRM.CED","OS.VM","EDMS","deltabank","Microsoft Windows 2012 R2 Standard"
"OS.VM","WEB-PHONEX","SRB.BGD.SS","OS.VM","WEB-PHONEX","deltabank","Microsoft Windows 2012 Standard"
"OS.VM","DC-BG-11","SRB.BGD.SS","OS.VM","DC-BG-11","deltabank","Microsoft Windows 2016 Standard"
"OS.VM","NEWAPP-ONLINE-1","PRM.CED","OS.VM","NEWAPP-ONLINE-1","online","Microsoft Windows 2008 R2 Standard"
"OS.VM","XENAPP-046","PRM.CED","OS.VM","XENAPP-046","deltabank","Microsoft Windows 2003 Standard"
"OS.VM","XENAPP-051","PRM.CED","OS.VM","XENAPP-051","deltabank","Microsoft Windows 2003 Standard"
"OS.VM","XENAPP-112","PRM.CED","OS.VM","XENAPP-112","deltabank","Microsoft Windows 2003 Standard"
"OS.VM","XENAPP-113","PRM.CED","OS.VM","XENAPP-113","deltabank","Microsoft Windows 2003 Standard"
"OS.VM","OBR7-MAS-01","PRM.CED","OS.VM","OBR7-MAS-01","deltabank","Microsoft Windows 7 Enterprise"
"OS.VM","LOGSRV","SRB.BGD.SS","OS.VM","LOGSRV","deltabank","Microsoft Windows 2003 Standard"
"OS.VM","XENAPP-098","PRM.CED","OS.VM","XENAPP-098","deltabank","Microsoft Windows 2003 Standard"
"OS.VM","XENAPP-095","PRM.CED","OS.VM","XENAPP-095","deltabank","Microsoft Windows 2003 Standard"
"OS.VM","OCR7-PS-02","PRM.CED","OS.VM","OCR7-PS-02","deltabank","Microsoft Windows 7 Enterprise"
"OS.VM","OB-GATEWAY1","PRM.CED","OS.VM","OB-GATEWAY1","ebank","Microsoft® Windows ® 2008 Standard"
"OS.VM","DBRP02","PRM.CED","OS.VM","DBRP02","deltabank","Microsoft Windows 2012 R2 Standard"
"OS.VM","XENAPP-066","PRM.CED","OS.VM","XENAPP-066","deltabank","Microsoft Windows 2003 Standard"
"OS.VM","XENAPP-055","PRM.CED","OS.VM","XENAPP-055","deltabank","Microsoft Windows 2003 Standard"
"OS.VM","ntp-dmz2","SRB.BGD.SS","OS.VM","ntp-dmz2","DMZ","CentOS 6.9 (x86_64)"
"OS.VM","DCONLINE82","PRM.CED","OS.VM","DCONLINE82","online","Microsoft Windows 2008 R2 Standard"
"OS.VM","JUNIPER-FS","SRB.BGD.SS","OS.VM","JUNIPER-FS","WORKGROUP","Microsoft Windows 2012 Standard"
"OS.VM","EX-GC-11","SRB.BGD.SS","OS.VM","EX-GC-11","deltabank","Microsoft Windows 2016 Standard"
"OS.VM","EXNLB1","PRM.CED","OS.VM","EXNLB1","WORKGROUP","Microsoft Windows 2012 R2 Standard"
"OS.VM","DLP-ENFORCE","SRB.BGD.SS","OS.VM","DLP-ENFORCE","deltabank","Microsoft Windows 2012 Standard"
"OS.VM","CC-IC73CORE","SRB.BGD.SS","OS.VM","CC-IC73CORE","deltabank","Microsoft Windows 2008 R2 Standard"
"OS.VM","APPWEB1","PRM.CED","OS.VM","APPWEB1","deltabank","Microsoft Windows 2012 R2 Standard"
"OS.VM","XENAPP-031","PRM.CED","OS.VM","XENAPP-031","deltabank","Microsoft Windows 2003 Standard"
"OS.VM","XENAPP-121","PRM.CED","OS.VM","XENAPP-121","deltabank","Microsoft Windows 2003 Standard"
"OS.VM","SE-BG-FILE","SRB.BGD.SS","OS.VM","SE-BG-FILE","deltabank","Microsoft Windows 2008 R2 Standard"
"OS.VM","XENAPP-089","PRM.CED","OS.VM","XENAPP-089","deltabank","Microsoft Windows 2003 Standard"
"OS.VM","PARMASHARE","PRM.CED","OS.VM","PARMASHARE","deltabank","Microsoft Windows 2012 R2 Standard"
"OS.VM","BIBCOISS-APP1","PRM.CED","OS.VM","BIBCOISS-APP1","deltabank","Microsoft Windows 2012 R2 Standard"
"OS.VM","ALMPRO2","PRM.CED","OS.VM","ALMPRO2","deltabank","Microsoft Windows 2008 R2 Enterprise"
"OS.VM","XENAPP-DB1","PRM.CED","OS.VM","XENAPP-DB1","deltabank","Microsoft Windows 2003 Standard"
"OS.VM","dmz-pa-nessus","PRM.CED","OS.VM","dmz-pa-nessus","DMZ","CentOS 5 server edition"
"OS.VM","hp-oneview","SRB.BGD.SS","OS.VM","hp-oneview","DELTABANK","CentOS 6.5 (i686)"
"OS.VM","STD-MAS-07","PRM.CED","OS.VM","STD-MAS-07","deltabank","Microsoft Windows XP Professional"
"OS.VM","OBR7-MAS-16","PRM.CED","OS.VM","OBR7-MAS-16","deltabank","Microsoft Windows 7 Enterprise"
"OS.VM","XENAPP-023","PRM.CED","OS.VM","XENAPP-023","deltabank","Microsoft Windows 2003 Standard"
"OS.VM","edms-arhiva3","PRM.CED","OS.VM","edms-arhiva3","deltabank","CentOS 6.7 (x86_64)"
"OS","EBANK-NODE21","PRM.CED","OS","EBANK-NODE21","ebank","Microsoft Windows 2012 R2 Standard"
"OS.VM","XENAPP-091","PRM.CED","OS.VM","XENAPP-091","deltabank","Microsoft Windows 2003 Standard"
"OS.VM","OCR7-PS-14","PRM.CED","OS.VM","OCR7-PS-14","deltabank","Microsoft Windows 7 Enterprise"
"OS.VM","OCR7-PS-07","PRM.CED","OS.VM","OCR7-PS-07","deltabank","Microsoft Windows 7 Enterprise"
"OS.VM","XENAPP-033","PRM.CED","OS.VM","XENAPP-033","deltabank","Microsoft Windows 2003 Standard"
"OS.VM","SASAPPL","PRM.CED","OS.VM","SASAPPL","deltabank","Microsoft Windows 2008 R2 Standard"
"OS.VM","VASCO1","SRB.BGD.SS","OS.VM","VASCO1","deltabank","Microsoft® Windows ® 2008 Standard"
"OS.VM","MOBI-WEB-1","PRM.CED","OS.VM","MOBI-WEB-1","WORKGROUP","Microsoft Windows 2008 R2 Standard"
"OS.VM","CW-WEB-01","PRM.CED","OS.VM","CW-WEB-01","WORKGROUP","Microsoft Windows 2008 R2 Standard"
"OS.VM","SRVC-NONCORE-01","SRB.BGD.SS","OS.VM","SRVC-NONCORE-01","deltabank","Microsoft Windows 2008 R2 Standard"
"OS","FSI-NODE1","SRB.BGD.SS","OS","FSI-NODE1","deltabank","Microsoft® Windows ® 2008 Enterprise"
"OS.VM","OBR7-MAS-29","PRM.CED","OS.VM","OBR7-MAS-29","deltabank","Microsoft Windows 7 Enterprise"
"OS.VM","ADAPTER5","PRM.CED","OS.VM","ADAPTER5","ebank","Microsoft Windows 2003 Standard"
"OS.VM","SE-BG-ANALYTICS","SRB.BGD.SS","OS.VM","SE-BG-ANALYTICS","deltabank","Microsoft Windows 2012 R2 Standard"
"OS.VM","DBAF1","PRM.CED","OS.VM","DBAF1","deltabank","Microsoft Windows 2012 R2 Standard"
"OS.VM","TFSERVERSQL","PRM.CED","OS.VM","TFSERVERSQL","deltabank","Microsoft Windows 2012 R2 Standard"
"OS.VM","OBR-MAS-21","PRM.CED","OS.VM","OBR-MAS-21","DELTABANK","Microsoft Windows 2000 Server"
"OS.VM","OLD_DEV_NLB12","PRM.CED","OS.VM","OLD_DEV_NLB12","deltabank","Microsoft Windows 2003 Standard"
"OS.VM","XENAPP-013","PRM.CED","OS.VM","XENAPP-013","deltabank","Microsoft Windows 2003 Standard"
"OS","BI-NODE1","PRM.CED","OS","BI-NODE1","deltabank","Microsoft Windows 2012 R2 Standard"
"OS.VM","CARD-MAS-03","PRM.CED","OS.VM","CARD-MAS-03","DELTABANK","Microsoft Windows 2000 Server"
"OS.VM","CARD-MAS-05","PRM.CED","OS.VM","CARD-MAS-05","DELTABANK","Microsoft Windows 2000 Server"
"OS.VM","CARD0008","PRM.CED","OS.VM","CARD0008","deltabank","Microsoft Windows 2003 Standard"
"OS.VM","VMAILSERVER2","PRM.CED","OS.VM","VMAILSERVER2","ebank","Microsoft Windows 2003 Standard"
"OS.VM","mail-in-01","SRB.BGD.SS","OS.VM","mail-in-01","DMZ","CentOS 6.2"
"OS.VM","DLP-ENDPOINT","SRB.BGD.SS","OS.VM","DLP-ENDPOINT","deltabank","Microsoft Windows 2012 Standard"
"OS.VM","XENAPP-050","PRM.CED","OS.VM","XENAPP-050","deltabank","Microsoft Windows 2003 Standard"
"OS.VM","XENAPP-078","PRM.CED","OS.VM","XENAPP-078","deltabank","Microsoft Windows 2003 Standard"
"OS.VM","XENAPP-111","PRM.CED","OS.VM","XENAPP-111","deltabank","Microsoft Windows 2003 Standard"
"OS.VM","XENAPP-114","PRM.CED","OS.VM","XENAPP-114","deltabank","Microsoft Windows 2003 Standard"
"OS.VM","SFB-EDGE","SRB.BGD.SS","OS.VM","SFB-EDGE","WORKGROUP","Microsoft Windows 2016 Standard"
"OS.VM","DBAF3","PRM.CED","OS.VM","DBAF3","deltabank","Microsoft Windows 2012 R2 Standard"
"OS.VM","DHCP-BG1","SRB.BGD.SS","OS.VM","DHCP-BG1","deltabank","Microsoft Windows 2012 Standard"
"OS.VM","SE-PA-CONN","PRM.CED","OS.VM","SE-PA-CONN","deltabank","Microsoft Windows 2008 R2 Standard"
"OS.VM","XENAPP-061","PRM.CED","OS.VM","XENAPP-061","deltabank","Microsoft Windows 2003 Standard"
"OS.VM","XENAPP-073","PRM.CED","OS.VM","XENAPP-073","deltabank","Microsoft Windows 2003 Standard"
"OS.VM","ADAPTER2","PRM.CED","OS.VM","ADAPTER2","ebank","Microsoft Windows 2003 Standard"
"OS.VM","XENAPP-039","PRM.CED","OS.VM","XENAPP-039","deltabank","Microsoft Windows 2003 Standard"
"OS.VM","SFB-FE","SRB.BGD.SS","OS.VM","SFB-FE","deltabank","Microsoft Windows 2016 Standard"
"OS.VM","PRGMAS10","PRM.CED","OS.VM","PRGMAS10","deltabank","Microsoft Windows XP Professional"
"OS.VM","XENAPP-029","PRM.CED","OS.VM","XENAPP-029","deltabank","Microsoft Windows 2003 Standard"
"OS.VM","LEASING2","PRM.CED","OS.VM","LEASING2","deltabank","Microsoft Windows 2012 R2 Standard"
"OS.VM","HVSERVER","SRB.BGD.SS","OS.VM","HVSERVER","deltabank","Microsoft Windows 2003 Standard"
"OS.VM","XENAPP-ES1","PRM.CED","OS.VM","XENAPP-ES1","deltabank","Microsoft Windows 2003 Standard"
"OS.VM","XENAPP-063","PRM.CED","OS.VM","XENAPP-063","deltabank","Microsoft Windows 2003 Standard"
"OS.VM","SPK2RETAIL-02","PRM.CED","OS.VM","SPK2RETAIL-02","deltabank","Microsoft Windows 2012 R2 Standard"
"OS.VM","edms-arhiva2","PRM.CED","OS.VM","edms-arhiva2","deltabank","CentOS 6.5 (i686)"
"OS.VM","BIBCO-APP1","PRM.CED","OS.VM","BIBCO-APP1","deltabank","Microsoft Windows 2008 R2 Standard"
"OS.VM","XENAPP-057","PRM.CED","OS.VM","XENAPP-057","deltabank","Microsoft Windows 2003 Standard"
"OS.VM","XENAPP-079","PRM.CED","OS.VM","XENAPP-079","deltabank","Microsoft Windows 2003 Standard"
"OS.VM","NEWAPP-ONLINE-2","PRM.CED","OS.VM","NEWAPP-ONLINE-2","online","Microsoft Windows 2008 R2 Standard"
"OS.VM","mwg-rp1","SRB.BGD.SS","OS.VM","mwg-rp1","DMZ","McAfee Linux OS release 2.2 (Santiago) 3.18 (x86_64)"
"OS.VM","XENAPP-015","PRM.CED","OS.VM","XENAPP-015","deltabank","Microsoft Windows 2003 Standard"
"OS.VM","CSPLATFORM","PRM.CED","OS.VM","CSPLATFORM","deltabank","Microsoft Windows 2008 R2 Standard"
"OS.VM","XENAPP-071","PRM.CED","OS.VM","XENAPP-071","deltabank","Microsoft Windows 2003 Standard"
"OS","dlp-db1","SRB.BGD.SS","OS","dlp-db1","deltabank","Red Hat Enterprise Linux 6.5 (x86_64)"
"OS.VM","WU-TEST-01","PRM.CED","OS.VM","WU-TEST-01","WORKGROUP","Microsoft Windows 2003 Standard"
"OS.VM","SPSNLB1","SRB.BGD.SS","OS.VM","SPSNLB1","deltabank","Microsoft Windows 2012 R2 Standard"
"OS.VM","ILMT","PRM.CED","OS.VM","ILMT","deltabank","Microsoft Windows 2008 R2 Standard"
"OS.VM","APPSVC1","PRM.CED","OS.VM","APPSVC1","deltabank","Microsoft Windows 2012 R2 Standard"
"OS.VM","ntp-dmz1","PRM.CED","OS.VM","ntp-dmz1","DMZ","CentOS 6.9 (x86_64)"
"OS.VM","LEASING3","PRM.CED","OS.VM","LEASING3","deltabank","Microsoft Windows 2012 R2 Standard"
"OS.VM","ns4","PRM.CED","OS.VM","ns4","DMZ","CentOS 6.9 (x86_64)"
"OS.VM","XENAPP-086","PRM.CED","OS.VM","XENAPP-086","deltabank","Microsoft Windows 2003 Standard"
"OS.VM","B2B-FE-01","PRM.CED","OS.VM","B2B-FE-01","WORKGROUP","Microsoft Windows 2012 R2 Standard"
"OS.VM","VMAILSERVER1","PRM.CED","OS.VM","VMAILSERVER1","ebank","Microsoft Windows 2003 Standard"
"OS.VM","XENAPP-030","PRM.CED","OS.VM","XENAPP-030","deltabank","Microsoft Windows 2003 Standard"
"OS.VM","FAKTORING","PRM.CED","OS.VM","FAKTORING","deltabank","Microsoft Windows 2003 Standard"
"OS.VM","DEV_NLB13","PRM.CED","OS.VM","DEV_NLB13","deltabank","Microsoft Windows 2012 R2 Standard"
"OS.VM","se-bg-secsyslog","SRB.BGD.SS","OS.VM","se-bg-secsyslog","deltabank","CentOS 5.8 (i686)"
"OS.VM","OBR7-MAS-08","PRM.CED","OS.VM","OBR7-MAS-08","deltabank","Microsoft Windows 7 Enterprise"
"OS.VM","XENAPP-020","PRM.CED","OS.VM","XENAPP-020","deltabank","Microsoft Windows 2003 Standard"
"OS.VM","XENAPP-060","PRM.CED","OS.VM","XENAPP-060","deltabank","Microsoft Windows 2003 Standard"
"OS.VM","XENAPP-PP-001","PRM.CED","OS.VM","XENAPP-PP-001","deltabank","Microsoft Windows 2003 Standard"
"OS.VM","ADAPTER7","PRM.CED","OS.VM","ADAPTER7","ebank","Microsoft Windows 2003 Standard"
"OS.VM","aml-fe-01","PRM.CED","OS.VM","aml-fe-01","deltabank","Oracle Linux 5.8 (x86_64)"
"OS.VM","APPPROXY","PRM.CED","OS.VM","APPPROXY","deltabank","Microsoft Windows 2012 R2 Standard"
"OS.VM","XENAPP-024","PRM.CED","OS.VM","XENAPP-024","deltabank","Microsoft Windows 2003 Standard"
"OS.VM","EBOARD","PRM.CED","OS.VM","EBOARD","deltabank","Microsoft Windows 2012 R2 Standard"
"OS.VM","PRGWS14","PRM.CED","OS.VM","PRGWS14","deltabank","Microsoft Windows 7 Enterprise"
"OS.VM","SE-PA-CONNDMZ","PRM.CED","OS.VM","SE-PA-CONNDMZ","WORKGROUP","Microsoft Windows 2008 R2 Standard"
"OS","card23","PRM.CED","OS","card23","deltabank","Oracle Linux 5.9 (x86_64)"
"OS.VM","MOBICORPWEB1","PRM.CED","OS.VM","MOBICORPWEB1","WORKGROUP","Microsoft Windows 2016 Standard"
"OS.VM","nsvpx2-esx","SRB.BGD.SS","OS.VM","nsvpx2-esx","DELTABANK","Red Hat Enterprise Linux 5"
"OS.VM","SWIFTCOMM","SRB.BGD.SS","OS.VM","SWIFTCOMM","deltabank","Microsoft Windows 2012 R2 Standard"
"OS.VM","OCR7-PS-12","PRM.CED","OS.VM","OCR7-PS-12","deltabank","Microsoft Windows 7 Enterprise"
"OS.VM","TSP-SCA","SRB.BGD.SS","OS.VM","TSP-SCA","deltabank","Microsoft Windows 2012 R2 Standard"
"OS.VM","XENAPP-012","PRM.CED","OS.VM","XENAPP-012","deltabank","Microsoft Windows 2003 Standard"
"OS.VM","test-mail-in","SRB.BGD.SS","OS.VM","test-mail-in","deltabank","CentOS Linux 7.0 (x86_64)"
"OS.VM","APPWINSVC1","PRM.CED","OS.VM","APPWINSVC1","deltabank","Microsoft Windows 2012 R2 Standard"
"OS.VM","EDMS05","PRM.CED","OS.VM","EDMS05","deltabank","Microsoft Windows 2012 R2 Standard"
"OS.VM","BIZSQL","PRM.CED","OS.VM","BIZSQL","online","Microsoft Windows 2012 R2 Standard"
"OS.VM","DCONLINE81","PRM.CED","OS.VM","DCONLINE81","online","Microsoft Windows 2008 R2 Standard"
"OS.VM","mwg-rp2","SRB.BGD.SS","OS.VM","mwg-rp2","DMZ","McAfee Linux OS release 2.2 (Santiago) 3.18 (x86_64)"
"OS.VM","XENAPP-019","PRM.CED","OS.VM","XENAPP-019","deltabank","Microsoft Windows 2003 Standard"
"OS.VM","XENAPP-003","PRM.CED","OS.VM","XENAPP-003","deltabank","Microsoft Windows 2003 Standard"
"OS.VM","nagios-bgd","SRB.BGD.SS","OS.VM","nagios-bgd","deltabank","CentOS 6.8 (x86_64)"
"OS.VM","MBAM","SRB.BGD.SS","OS.VM","MBAM","deltabank","Microsoft Windows 2016 Standard"
"OS.VM","XENAPP-102","PRM.CED","OS.VM","XENAPP-102","deltabank","Microsoft Windows 2003 Standard"
"OS.VM","XENAPP-101","PRM.CED","OS.VM","XENAPP-101","deltabank","Microsoft Windows 2003 Standard"
"OS.VM","XENAPP-107","PRM.CED","OS.VM","XENAPP-107","deltabank","Microsoft Windows 2003 Standard"
"os.vm","INEXNLB1","PRM.CED","os.vm","INEXNLB1","deltabank","Microsoft Windows 2012 R2 Standard"
"OS.VM","XENAPP-007","PRM.CED","OS.VM","XENAPP-007","deltabank","Microsoft Windows 2003 Standard"
"OS.VM","XENAPP-LIC2","PRM.CED","OS.VM","XENAPP-LIC2","deltabank","Microsoft Windows 2008 R2 Standard"
"OS.VM","IDENTIKEY1","PRM.CED","OS.VM","IDENTIKEY1","online","Microsoft Windows 2008 R2 Standard"
"OS.VM","XENAPP-011","PRM.CED","OS.VM","XENAPP-011","deltabank","Microsoft Windows 2003 Standard"
"OS.VM","SE-BG-CON3","SRB.BGD.SS","OS.VM","SE-BG-CON3","deltabank","Microsoft Windows 2012 R2 Standard"
"OS.VM","SASWORK","PRM.CED","OS.VM","SASWORK","deltabank","Microsoft Windows 2008 R2 Standard"
"OS.VM","CLOUDEXTENDER","SRB.BGD.SS","OS.VM","CLOUDEXTENDER","deltabank","Microsoft Windows 2012 R2 Standard"
"OS.VM","DCEBANK82","PRM.CED","OS.VM","DCEBANK82","ebank","Microsoft Windows 2008 R2 Standard"
"OS.VM","PDFONLINE1","PRM.CED","OS.VM","PDFONLINE1","online","Microsoft Windows 2003 Standard"
"OS.VM","PROJECTSQL","PRM.CED","OS.VM","PROJECTSQL","deltabank","Microsoft Windows 2008 R2 Standard"
"OS.VM","XENAPP-010","PRM.CED","OS.VM","XENAPP-010","deltabank","Microsoft Windows 2003 Standard"
"OS.VM","COMMSERVER02","PRM.CED","OS.VM","COMMSERVER02","deltabank","Microsoft Windows 2012 R2 Standard"
"OS.VM","DC-PARMA-12","PRM.CED","OS.VM","DC-PARMA-12","deltabank","Microsoft Windows 2016 Standard"
"OS.VM","ARHPP","PRM.CED","OS.VM","ARHPP","deltabank","Microsoft Windows 2012 R2 Standard"
"OS.VM","XENAPP-088","PRM.CED","OS.VM","XENAPP-088","deltabank","Microsoft Windows 2003 Standard"
"OS.VM","CC-APP","SRB.BGD.SS","OS.VM","CC-APP","deltabank","Microsoft® Windows ® 2008 Standard"
"OS.VM","PRGMAS09","PRM.CED","OS.VM","PRGMAS09","deltabank","Microsoft Windows XP Professional"
"OS.VM","EGAIN-WEB","PRM.CED","OS.VM","EGAIN-WEB","WORKGROUP","Microsoft Windows 2012 R2 Standard"
"OS.VM","ARRWEB1","PRM.CED","OS.VM","ARRWEB1","deltabank","Microsoft Windows 2016 Standard"
"OS.VM","CC-MGATE","SRB.BGD.SS","OS.VM","CC-MGATE","deltabank","Microsoft Windows 2008 R2 Standard"
"OS.VM","WWW-SQL-01","PRM.CED","OS.VM","WWW-SQL-01","WORKGROUP","Microsoft Windows 2012 R2 Standard"
"OS.VM","OBR7-MAS-03","PRM.CED","OS.VM","OBR7-MAS-03","deltabank","Microsoft Windows 7 Enterprise"
"OS.VM","OBR7-MAS-24","PRM.CED","OS.VM","OBR7-MAS-24","deltabank","Microsoft Windows 7 Enterprise"
"OS.VM","SPK2RETAIL-01","PRM.CED","OS.VM","SPK2RETAIL-01","deltabank","Microsoft Windows 2012 R2 Standard"
"OS.VM","XENAPP-027","PRM.CED","OS.VM","XENAPP-027","deltabank","Microsoft Windows 2003 Standard"
"OS.VM","PRGWS7-86","PRM.CED","OS.VM","PRGWS7-86","deltabank","Microsoft Windows 7 Enterprise"
"OS.VM","XENAPP-049","PRM.CED","OS.VM","XENAPP-049","deltabank","Microsoft Windows 2003 Standard"
"OS.VM","B2B-BE-01","PRM.CED","OS.VM","B2B-BE-01","deltabank","Microsoft Windows 2012 R2 Standard"
"OS.VM","APP-CARD-01","PRM.CED","OS.VM","APP-CARD-01","deltabank","Microsoft Windows 2008 R2 Standard"
"OS.VM","ciscoprime","SRB.BGD.SS","OS.VM","ciscoprime","DELTABANK","Red Hat Enterprise Linux 5"
"OS","BGDSQL-NODE1","SRB.BGD.SS","OS","BGDSQL-NODE1","deltabank","Microsoft Windows 2008 R2 Enterprise"
"OS.VM","OBR7-MAS-07","PRM.CED","OS.VM","OBR7-MAS-07","deltabank","Microsoft Windows 7 Enterprise"
"OS.VM","vcardbox","PRM.CED","OS.VM","vcardbox","deltabank","Oracle Linux 5.9 (x86_64)"
"OS.VM","VMAILSERVER3","PRM.CED","OS.VM","VMAILSERVER3","ebank","Microsoft Windows 2003 Standard"
"OS.VM","OCR7-PS-01","PRM.CED","OS.VM","OCR7-PS-01","deltabank","Microsoft Windows 7 Enterprise"
"OS.VM","XENAPP-028","PRM.CED","OS.VM","XENAPP-028","deltabank","Microsoft Windows 2003 Standard"
"OS.VM","IAM12-SQL","PRM.CED","OS.VM","IAM12-SQL","deltabank","Microsoft Windows 2012 Standard"
"OS.VM","EDMS06","PRM.CED","OS.VM","EDMS06","deltabank","Microsoft Windows 2012 R2 Standard"
"OS.VM","HOBITDB","PRM.CED","OS.VM","HOBITDB","deltabank","Microsoft Windows 2012 R2 Standard"
"OS.VM","OBR-MAS-16","PRM.CED","OS.VM","OBR-MAS-16","deltabank","Microsoft Windows 2003 Standard"
"OS.VM","SYMANTECLUA","SRB.BGD.SS","OS.VM","SYMANTECLUA","deltabank","Microsoft Windows 2012 R2 Standard"
"OS.VM","SE-BG-INTERCA","SRB.BGD.SS","OS.VM","SE-BG-INTERCA","deltabank","Microsoft® Windows ® 2008 Enterprise"
"OS.VM","DEV_NLB14","PRM.CED","OS.VM","DEV_NLB14","deltabank","Microsoft Windows 2012 R2 Standard"
"OS","SYSSQL12-NODE2","SRB.BGD.SS","OS","SYSSQL12-NODE2","deltabank","Microsoft Windows 2012 R2 Standard"
"OS.VM","ECAWEBENROLL2","SRB.BGD.SS","OS.VM","ECAWEBENROLL2","WORKGROUP","Microsoft Windows 2012 R2 Standard"
"OS.VM","XENAPP-099","PRM.CED","OS.VM","XENAPP-099","deltabank","Microsoft Windows 2003 Standard"
"OS.VM","XENAPP-103","PRM.CED","OS.VM","XENAPP-103","deltabank","Microsoft Windows 2003 Standard"
"OS.VM","OBR-MAS-15","PRM.CED","OS.VM","OBR-MAS-15","deltabank","Microsoft Windows 2003 Standard"
"OS","EX-NODE-01","SRB.BGD.SS","OS","EX-NODE-01","deltabank","Microsoft Windows 2012 Standard"
"OS.VM","WSACRINTESA01","PRM.CED","OS.VM","WSACRINTESA01","deltabank","Microsoft® Windows ® 2008 Standard"
"OS.VM","XENAPP-062","PRM.CED","OS.VM","XENAPP-062","deltabank","Microsoft Windows 2003 Standard"
"OS.VM","XENAPP-072","PRM.CED","OS.VM","XENAPP-072","deltabank","Microsoft Windows 2003 Standard"
"OS.VM","XENAPP-036","PRM.CED","OS.VM","XENAPP-036","deltabank","Microsoft Windows 2003 Standard"
"OS.VM","BIBCOISS-APP2","PRM.CED","OS.VM","BIBCOISS-APP2","deltabank","Microsoft Windows 2012 R2 Standard"
"OS.VM","CW-WEB-02","PRM.CED","OS.VM","CW-WEB-02","WORKGROUP","Microsoft Windows 2008 R2 Standard"
"OS.VM","OCR7-PS-10","PRM.CED","OS.VM","OCR7-PS-10","deltabank","Microsoft Windows 7 Enterprise"
"OS.VM","XENAPP-032","PRM.CED","OS.VM","XENAPP-032","deltabank","Microsoft Windows 2003 Standard"
"OS.VM","TSPARMA","PRM.CED","OS.VM","TSPARMA","deltabank","Microsoft Windows 2008 R2 Standard"
"OS.VM","XENAPP-108","PRM.CED","OS.VM","XENAPP-108","deltabank","Microsoft Windows 2003 Standard"
"OS.VM","acs-asa","SRB.BGD.SS","OS.VM","acs-asa","DELTABANK","Red Hat Enterprise Linux 6"
"OS","DREX2","SRB.NS","OS","DREX2","deltabank","Microsoft Windows 2012 Standard"
"OS.VM","OCTOPUS","PRM.CED","OS.VM","OCTOPUS","deltabank","Microsoft Windows 2016 Standard"
"OS.VM","FOGLIGHT12","PRM.CED","OS.VM","FOGLIGHT12","deltabank","Microsoft Windows 2012 R2 Standard"
"OS.VM","TFS-Build1","SRB.BGD.SS","OS.VM","TFS-Build1","deltabank","Microsoft Windows 7 Professional"
"OS.VM","XENAPP-100","PRM.CED","OS.VM","XENAPP-100","deltabank","Microsoft Windows 2003 Standard"
"OS.VM","DBAF2","PRM.CED","OS.VM","DBAF2","deltabank","Microsoft Windows 2008 R2 Standard"
"OS.VM","XENAPP-047","PRM.CED","OS.VM","XENAPP-047","deltabank","Microsoft Windows 2003 Standard"
"OS.VM","XENAPP-045","PRM.CED","OS.VM","XENAPP-045","deltabank","Microsoft Windows 2003 Standard"
"OS.VM","WB6","PRM.CED","OS.VM","WB6","deltabank","Microsoft Windows 2012 R2 Standard"
"OS.VM","MTSCOBRAND","PRM.CED","OS.VM","MTSCOBRAND","WORKGROUP","Microsoft Windows 2012 R2 Standard"
"OS.VM","DCONLINE92","PRM.CED","OS.VM","DCONLINE92","online","Microsoft Windows 2016 Standard"
"OS.VM","NEWWEB-ONLINE-1","PRM.CED","OS.VM","NEWWEB-ONLINE-1","WORKGROUP","Microsoft Windows 2008 R2 Standard"
"OS.VM","APPCONTENT1","PRM.CED","OS.VM","APPCONTENT1","deltabank","Microsoft Windows 2016 Standard"
"OS.VM","ARISDS","PRM.CED","OS.VM","ARISDS","deltabank","Microsoft Windows 2012 R2 Standard"
"OS.VM","PARAGRAF-02","PRM.CED","OS.VM","PARAGRAF-02","deltabank","Microsoft Windows 2016 Standard"
"os.vm","INEXNLB2","PRM.CED","os.vm","INEXNLB2","deltabank","Microsoft Windows 2012 R2 Standard"
"OS","PPAP-NODE22","PRM.CED","OS","PPAP-NODE22","deltabank","Microsoft Windows 2008 R2 Enterprise"
"OS.VM","XENAPP-054","PRM.CED","OS.VM","XENAPP-054","deltabank","Microsoft Windows 2003 Standard"
"OS.VM","XENAPP-067","PRM.CED","OS.VM","XENAPP-067","deltabank","Microsoft Windows 2003 Standard"
"OS.VM","ALMPRO3","PRM.CED","OS.VM","ALMPRO3","deltabank","Microsoft Windows 2008 R2 Enterprise"
"OS.VM","XENAPP-064","PRM.CED","OS.VM","XENAPP-064","deltabank","Microsoft Windows 2003 Standard"
"OS.VM","XENAPP-044","PRM.CED","OS.VM","XENAPP-044","deltabank","Microsoft Windows 2003 Standard"
"OS.VM","CARD-MAS-02","PRM.CED","OS.VM","CARD-MAS-02","DELTABANK","Microsoft Windows 2000 Server"
"OS.VM","FXService2","PRM.CED","OS.VM","FXService2","DMZ","Microsoft Windows 2003 Standard"
"OS.VM","PP_NLB11","PRM.CED","OS.VM","PP_NLB11","deltabank","Microsoft Windows 2012 R2 Standard"
"OS.VM","cc-sm","SRB.BGD.SS","OS.VM","cc-sm","DELTABANK","Red Hat Enterprise Linux 5"
"OS.VM","cucm1","SRB.BGD.SS","OS.VM","cucm1","LINUX","Red Hat Enterprise Linux 6"
"OS","SYSSQL12-NODE1","SRB.BGD.SS","OS","SYSSQL12-NODE1","deltabank","Microsoft Windows 2012 R2 Standard"
"OS.VM","SPSNLB2","SRB.BGD.SS","OS.VM","SPSNLB2","deltabank","Microsoft Windows 2012 R2 Standard"
"OS.VM","OBR7-MAS-05","PRM.CED","OS.VM","OBR7-MAS-05","deltabank","Microsoft Windows 7 Enterprise"
"OS","FSI-NODE2","SRB.BGD.SS","OS","FSI-NODE2","deltabank","Microsoft® Windows ® 2008 Enterprise"
"OS.VM","SE-SECSQL","SRB.BGD.SS","OS.VM","SE-SECSQL","deltabank","Microsoft Windows 2003 Enterprise"
"OS.VM","NEWWEB-ONLINE-2","PRM.CED","OS.VM","NEWWEB-ONLINE-2","WORKGROUP","Microsoft Windows 2008 R2 Standard"
"OS.VM","XENAPP-035","PRM.CED","OS.VM","XENAPP-035","deltabank","Microsoft Windows 2003 Standard"
"OS.VM","XENAPP-097","PRM.CED","OS.VM","XENAPP-097","deltabank","Microsoft Windows 2003 Standard"
"OS.VM","XENAPP-096","PRM.CED","OS.VM","XENAPP-096","deltabank","Microsoft Windows 2003 Standard"
"OS.VM","mwg-trp","SRB.BGD.SS","OS.VM","mwg-trp","DMZ","McAfee Linux OS release 2.2 (Santiago) 3.18 (x86_64)"
"OS.VM","IDENTIKEY2","PRM.CED","OS.VM","IDENTIKEY2","online","Microsoft Windows 2008 R2 Standard"
"OS.VM","XENAPP-068","PRM.CED","OS.VM","XENAPP-068","deltabank","Microsoft Windows 2003 Standard"
"OS.VM","WS-BACKUP","SRB.BGD.SS","OS.VM","WS-BACKUP","deltabank","Microsoft Windows 2012 R2 Standard"
"OS.VM","ADAPTER1","PRM.CED","OS.VM","ADAPTER1","ebank","Microsoft Windows 2003 Standard"
"OS.VM","XENAPP-004","PRM.CED","OS.VM","XENAPP-004","deltabank","Microsoft Windows 2003 Standard"
"OS.VM","XENAPP-008","PRM.CED","OS.VM","XENAPP-008","deltabank","Microsoft Windows 2003 Standard"
"OS.VM","mail-out-02","SRB.BGD.SS","OS.VM","mail-out-02","DMZ","CentOS Linux 7.0 (x86_64)"
"OS.VM","MNG-BG-01","SRB.BGD.SS","OS.VM","MNG-BG-01","deltabank","Microsoft Windows 2008 R2 Standard"
"OS.VM","OCR7-PS-16","PRM.CED","OS.VM","OCR7-PS-16","deltabank","Microsoft Windows 7 Enterprise"
"OS.VM","ALMPRO1","PRM.CED","OS.VM","ALMPRO1","deltabank","Microsoft Windows 2008 R2 Standard"
"OS.VM","XENAPP-106","PRM.CED","OS.VM","XENAPP-106","deltabank","Microsoft Windows 2003 Standard"
"OS.VM","MB-APP-2","PRM.CED","OS.VM","MB-APP-2","ebank","Microsoft® Windows ® 2008 Standard"
"OS.VM","CSAPP2","PRM.CED","OS.VM","CSAPP2","deltabank","Microsoft Windows 2008 R2 Standard"
"OS.VM","office2","PRM.CED","OS.VM","office2","DMZ","Microsoft® Windows ® 2008 Standard"
"OS.VM","XENAPP-043","PRM.CED","OS.VM","XENAPP-043","deltabank","Microsoft Windows 2003 Standard"
"OS.VM","MOBICORPWEB2","PRM.CED","OS.VM","MOBICORPWEB2","WORKGROUP","Microsoft Windows 2016 Standard"
"OS.VM","CCIBWEB","SRB.BGD.SS","OS.VM","CCIBWEB","deltabank","Microsoft Windows 2008 R2 Standard"
"OS.VM","XENAPP-085","PRM.CED","OS.VM","XENAPP-085","deltabank","Microsoft Windows 2003 Standard"
"OS.VM","HOMERDB","PRM.CED","OS.VM","HOMERDB","deltabank","Microsoft Windows 2016 Standard"
"OS.VM","XENAPP-052","PRM.CED","OS.VM","XENAPP-052","deltabank","Microsoft Windows 2003 Standard"
"OS.VM","XENAPP-070","PRM.CED","OS.VM","XENAPP-070","deltabank","Microsoft Windows 2003 Standard"
"OS.VM","XENAPP-005","PRM.CED","OS.VM","XENAPP-005","deltabank","Microsoft Windows 2003 Standard"
"OS.VM","DD-APP","PRM.CED","OS.VM","DD-APP","deltabank","Microsoft Windows 2008 R2 Standard"
"OS.VM","BIBCO-APP2","PRM.CED","OS.VM","BIBCO-APP2","deltabank","Microsoft Windows 2008 R2 Standard"
"OS.VM","WWW-APP-02","PRM.CED","OS.VM","WWW-APP-02","WORKGROUP","Microsoft Windows 2012 R2 Standard"
"OS.VM","XENAPP-090","PRM.CED","OS.VM","XENAPP-090","deltabank","Microsoft Windows 2003 Standard"
"OS.VM","OCR7-PS-11","PRM.CED","OS.VM","OCR7-PS-11","deltabank","Microsoft Windows 7 Enterprise"
"OS.VM","BIBEX","SRB.BGD.SS","OS.VM","BIBEX","deltabank","Microsoft Windows 2012 R2 Standard"
"OS.VM","XENAPP-059","PRM.CED","OS.VM","XENAPP-059","deltabank","Microsoft Windows 2003 Standard"
"OS.VM","XENAPP-077","PRM.CED","OS.VM","XENAPP-077","deltabank","Microsoft Windows 2003 Standard"
"OS.VM","DCEBANK81","PRM.CED","OS.VM","DCEBANK81","ebank","Microsoft Windows 2008 R2 Standard"
"OS.VM","XENAPP-022","PRM.CED","OS.VM","XENAPP-022","deltabank","Microsoft Windows 2003 Standard"
"OS.VM","OB-ADAPTER2","PRM.CED","OS.VM","OB-ADAPTER2","ebank","Microsoft Windows 2008 R2 Standard"
"OS","PPAP-NODE21","PRM.CED","OS","PPAP-NODE21","deltabank","Microsoft Windows 2008 R2 Enterprise"
"OS.VM","prx-dmz1","PRM.CED","OS.VM","prx-dmz1","DMZ","CentOS 6.9 (x86_64)"
"OS.AIX","amldb01","PRM.CAMPUS","OS.AIX","amldb01","deltabank","AIX 6.1"
"OS.VM","FXSERVICE6","PRM.CED","OS.VM","FXSERVICE6","DMZ","Microsoft Windows 2003 Standard"
"OS.VM","XENAPP-081","PRM.CED","OS.VM","XENAPP-081","deltabank","Microsoft Windows 2003 Standard"
"OS.VM","XENAPP-001","PRM.CED","OS.VM","XENAPP-001","deltabank","Microsoft Windows 2003 Standard"
"OS.VM","SASMETA","PRM.CED","OS.VM","SASMETA","deltabank","Microsoft Windows 2008 R2 Standard"
"OS.VM","bigsister","SRB.BGD.SS","OS.VM","bigsister","deltabank","CentOS 5.5 (i686)"
"OS.VM","OBR7-MAS-19","PRM.CED","OS.VM","OBR7-MAS-19","deltabank","Microsoft Windows 7 Enterprise"
"OS.VM","OBR7-MAS-25","PRM.CED","OS.VM","OBR7-MAS-25","deltabank","Microsoft Windows 7 Enterprise"
"OS.VM","IAM12-APP","PRM.CED","OS.VM","IAM12-APP","deltabank","Microsoft Windows 2012 Standard"
"OS.VM","SYMANTECEPM","SRB.BGD.SS","OS.VM","SYMANTECEPM","deltabank","Microsoft Windows 2012 Standard"
"OS.VM","ns3","PRM.CED","OS.VM","ns3","DMZ","CentOS 6.9 (x86_64)"
"OS.VM","OCR7-PS-05","PRM.CED","OS.VM","OCR7-PS-05","deltabank","Microsoft Windows 7 Enterprise"
"OS.VM","OBR-MAS-20","PRM.CED","OS.VM","OBR-MAS-20","DELTABANK","Microsoft Windows 2000 Server"
"OS.VM","OBR7-MAS-13","PRM.CED","OS.VM","OBR7-MAS-13","deltabank","Microsoft Windows 7 Enterprise"
"OS.VM","OBR7-MAS-11","PRM.CED","OS.VM","OBR7-MAS-11","deltabank","Microsoft Windows 7 Enterprise"
"OS.VM","NETFLOW","SRB.BGD.SS","OS.VM","NETFLOW","deltabank","Microsoft Windows 2012 R2 Standard"
"OS.VM","PROJECTSRV01","PRM.CED","OS.VM","PROJECTSRV01","deltabank","Microsoft Windows 2008 R2 Standard"
"OS.VM","WWW-APP-01","PRM.CED","OS.VM","WWW-APP-01","WORKGROUP","Microsoft Windows 2012 R2 Standard"
"OS.AIX","amldb01","PRM.CAMPUS","OS.AIX","amldb01","deltabank","AIX 6.1"
"OS.VM","XENAPP-094","PRM.CED","OS.VM","XENAPP-094","deltabank","Microsoft Windows 2003 Standard"
"OS.VM","nagios-prm","PRM.CED","OS.VM","nagios-prm","deltabank","CentOS 6.4 (x86_64)"
"OS.VM","OCR7-PS-03","PRM.CED","OS.VM","OCR7-PS-03","deltabank","Microsoft Windows 7 Enterprise"
"OS.VM","OCR7-PS-20","PRM.CED","OS.VM","OCR7-PS-20","deltabank","Microsoft Windows 7 Enterprise"
"OS.VM","BERZA2","SRB.BGD.SS","OS.VM","BERZA2","WORKGROUP","Microsoft Windows 2012 R2 Standard"
"OS.VM","se-bg-ipsc","SRB.BGD.SS","OS.VM","se-bg-ipsc","deltabank","CentOS Linux 7.0 (x86_64)"
"OS.VM","OCR7-PS-04","PRM.CED","OS.VM","OCR7-PS-04","deltabank","Microsoft Windows 7 Enterprise"
"OS.VM","OBR-MAS-22","PRM.CED","OS.VM","OBR-MAS-22","DELTABANK","Microsoft Windows 2000 Server"
"OS.VM","XENAPP-087","PRM.CED","OS.VM","XENAPP-087","deltabank","Microsoft Windows 2003 Standard"
"OS.VM","SEC-221-5636","SRB.BGD.SS","OS.VM","SEC-221-5636","DELTABANK","Microsoft Windows 7 Professional"
"OS.VM","CARD-MAS-04","PRM.CED","OS.VM","CARD-MAS-04","DELTABANK","Microsoft Windows 2000 Server"
"OS.VM","CARD-MAS-06","PRM.CED","OS.VM","CARD-MAS-06","DELTABANK","Microsoft Windows 2000 Server"
"OS.VM","TFSERVER","PRM.CED","OS.VM","TFSERVER","deltabank","Microsoft Windows 2012 R2 Standard"
"OS.VM","XENAPP-WI2","PRM.CED","OS.VM","XENAPP-WI2","deltabank","Microsoft Windows 2003 Standard"
"OS","BI2-NODE1","PRM.CED","OS","BI2-NODE1","deltabank","Microsoft Windows 2012 R2 Standard"
"OS.VM","XENAPP-026","PRM.CED","OS.VM","XENAPP-026","deltabank","Microsoft Windows 2003 Standard"
"OS","BIBCO-NODE1","PRM.CED","OS","BIBCO-NODE1","deltabank","Microsoft Windows 2012 R2 Standard"
"OS.VM","COMMNBJ02","SRB.BGD.SS","OS.VM","COMMNBJ02","deltabank","Microsoft Windows 2008 R2 Standard"
"OS.VM","XENAPP-065","PRM.CED","OS.VM","XENAPP-065","deltabank","Microsoft Windows 2003 Standard"
"OS.VM","FXSERVICE1","PRM.CED","OS.VM","FXSERVICE1","WORKGROUP","Microsoft Windows 2003 Standard"
"OS.VM","XENAPP-119","PRM.CED","OS.VM","XENAPP-119","deltabank","Microsoft Windows 2003 Standard"
"OS.VM","MOBICORPAPP2","PRM.CED","OS.VM","MOBICORPAPP2","deltabank","Microsoft Windows 2016 Standard"
"OS.VM","UBS-KIB","SRB.BGD.SS","OS.VM","UBS-KIB","WORKGROUP","Microsoft Windows 2012 R2 Standard"
"OS.VM","DMZ-APP-01","PRM.CED","OS.VM","DMZ-APP-01","WORKGROUP","Microsoft Windows 2012 R2 Standard"
"OS.VM","mx-out-01","PRM.CED","OS.VM","mx-out-01","DMZ","CentOS 6.9 (x86_64)"
"OS.VM","OCR7-PS-08","PRM.CED","OS.VM","OCR7-PS-08","deltabank","Microsoft Windows 7 Enterprise"
"OS.VM","XENAPP-075","PRM.CED","OS.VM","XENAPP-075","deltabank","Microsoft Windows 2003 Standard"
"OS.VM","ADFSNLB1","SRB.BGD.SS","OS.VM","ADFSNLB1","deltabank","Microsoft Windows 2012 R2 Standard"
"OS.VM","sftp-01","SRB.BGD.SS","OS.VM","sftp-01","DMZ","CentOS 6.9 (x86_64)"
"OS.VM","netiis","SRB.BGD.SS","OS.VM","netiis","deltabank","CentOS 5.5 (x86_64)"
"OS.VM","XENAPP-117","PRM.CED","OS.VM","XENAPP-117","deltabank","Microsoft Windows 2003 Standard"
"OS.VM","XENAPP-002","PRM.CED","OS.VM","XENAPP-002","deltabank","Microsoft Windows 2003 Standard"
"OS.VM","XENAPP-DC2","PRM.CED","OS.VM","XENAPP-DC2","deltabank","Microsoft Windows 2003 Standard"
"OS.VM","EDMS02","PRM.CED","OS.VM","EDMS02","deltabank","Microsoft Windows 2012 R2 Standard"
"OS.VM","VPNEBANK1","PRM.CED","OS.VM","VPNEBANK1","ebank","Microsoft Windows 2012 R2 Standard"
"OS.VM","XENAPP-040","PRM.CED","OS.VM","XENAPP-040","deltabank","Microsoft Windows 2003 Standard"
"OS.VM","TICATAURORA","PRM.CED","OS.VM","TICATAURORA","deltabank","Microsoft Windows 2008 R2 Standard"
"OS.VM","se-bg-sc","SRB.BGD.SS","OS.VM","se-bg-sc","DELTABANK","CentOS 6.5 (i686)"
"OS.VM","vra-01","SRB.BGD.SS","OS.VM","vra-01","deltabank","VMware Photon OS 2.0 (x86_64)"
"OS.VM","DEV_NLB11","PRM.CED","OS.VM","DEV_NLB11","deltabank","Microsoft Windows 2012 R2 Standard"
"OS.VM","TRE-202-PTA1","SRB.BGD.SS","OS.VM","TRE-202-PTA1","deltabank","Microsoft Windows 7 Enterprise"
"OS.VM","MOBI-WEB-2","PRM.CED","OS.VM","MOBI-WEB-2","WORKGROUP","Microsoft Windows 2008 R2 Standard"
"OS","BACKUP-NODE2","SRB.BGD.SS","OS","BACKUP-NODE2","deltabank","Microsoft Windows 2008 R2 Enterprise"
"OS.VM","PRGMAS01","PRM.CED","OS.VM","PRGMAS01","deltabank","Microsoft Windows XP Professional"
"OS.VM","ns1","PRM.CED","OS.VM","ns1","DMZ","CentOS 6.9 (i686)"
"OS.VM","SE-BG-SQL","SRB.BGD.SS","OS.VM","SE-BG-SQL","deltabank","Microsoft Windows 2008 R2 Enterprise"
"OS.VM","XENAPP-105","PRM.CED","OS.VM","XENAPP-105","deltabank","Microsoft Windows 2003 Standard"
"OS.VM","XENAPP-034","PRM.CED","OS.VM","XENAPP-034","deltabank","Microsoft Windows 2003 Standard"
"OS","dlp-db2","SRB.BGD.SS","OS","dlp-db2","deltabank","Red Hat Enterprise Linux 6.5 (x86_64)"
"OS.VM","mail-in-02","SRB.BGD.SS","OS.VM","mail-in-02","DMZ","CentOS Linux 7.0 (x86_64)"
"OS.VM","mail-out-01","SRB.BGD.SS","OS.VM","mail-out-01","DMZ","CentOS Linux 7.0 (x86_64)"
"OS.VM","DLP-MAIL2","SRB.BGD.SS","OS.VM","DLP-MAIL2","WORKGROUP","Microsoft Windows 2012 Standard"
"OS.VM","OB-ADAPTER1","PRM.CED","OS.VM","OB-ADAPTER1","ebank","Microsoft® Windows ® 2008 Standard"
"OS.VM","XENAPP-074","PRM.CED","OS.VM","XENAPP-074","deltabank","Microsoft Windows 2003 Standard"
"OS.VM","pa-nessus","PRM.CED","OS.VM","pa-nessus","deltabank","CentOS 5 server edition"
"OS.VM","XENAPP-DC1","PRM.CED","OS.VM","XENAPP-DC1","deltabank","Microsoft Windows 2003 Standard"
"OS.VM","ns2","PRM.CED","OS.VM","ns2","DMZ","CentOS 6.9 (i686)"
"OS","ONLINE-NODE21","PRM.CED","OS","ONLINE-NODE21","online","Microsoft Windows 2012 R2 Standard"
"OS.VM","DCEBANK92","PRM.CED","OS.VM","DCEBANK92","ebank","Microsoft Windows 2016 Standard"
"OS.VM","WRPSQLNODE1","PRM.CED","OS.VM","WRPSQLNODE1","deltabank","Microsoft Windows 2012 R2 Standard"
"OS.VM","INTCOMM02","SRB.BGD.SS","OS.VM","INTCOMM02","deltabank","Microsoft Windows 2008 R2 Standard"
"OS.VM","XENAPP-120","PRM.CED","OS.VM","XENAPP-120","deltabank","Microsoft Windows 2003 Standard"
"OS.VM","OBR7-MAS-26","PRM.CED","OS.VM","OBR7-MAS-26","deltabank","Microsoft Windows 7 Enterprise"
"OS.VM","EPOSERVER12","SRB.BGD.SS","OS.VM","EPOSERVER12","deltabank","Microsoft Windows 2012 R2 Standard"
"OS.VM","DBPARMA","PRM.CED","OS.VM","DBPARMA","deltabank","Microsoft Windows 2012 R2 Standard"
"OS.VM","LIBRASRV","PRM.CED","OS.VM","LIBRASRV","deltabank","Microsoft Windows 2008 R2 Standard"
"OS.VM","aml-rt-01","PRM.CED","OS.VM","aml-rt-01","deltabank","Oracle Linux 5.8 (x86_64)"
"OS.VM","XENAPP-009","PRM.CED","OS.VM","XENAPP-009","deltabank","Microsoft Windows 2003 Standard"
"OS.VM","COMMSERVER01","PRM.CED","OS.VM","COMMSERVER01","deltabank","Microsoft Windows 2012 R2 Standard"
"OS.VM","XENAPP-041","PRM.CED","OS.VM","XENAPP-041","deltabank","Microsoft Windows 2003 Standard"
"OS.VM","OCR7-PS-13","PRM.CED","OS.VM","OCR7-PS-13","deltabank","Microsoft Windows 7 Enterprise"
"OS.VM","nsvpx1-esx","SRB.BGD.SS","OS.VM","nsvpx1-esx","DELTABANK","Red Hat Enterprise Linux 5"
"OS.VM","CRISPWEB2","PRM.CED","OS.VM","CRISPWEB2","deltabank","Microsoft Windows 2012 R2 Standard"
"OS.VM","SSEBANK2","PRM.CED","OS.VM","SSEBANK2","ebank","Microsoft Windows 2003 Standard"
"OS.VM","XENAPP-083","PRM.CED","OS.VM","XENAPP-083","deltabank","Microsoft Windows 2003 Standard"
"OS.VM","OCR7-PS-15","PRM.CED","OS.VM","OCR7-PS-15","deltabank","Microsoft Windows 7 Enterprise"
"OS.VM","WCS","SRB.BGD.SS","OS.VM","WCS","deltabank","Microsoft Windows 2003 Standard"
"OS.VM","aml-bp-01","PRM.CED","OS.VM","aml-bp-01","deltabank","Oracle Linux 5.8 (x86_64)"
"OS.AIX","bib-crisp-db-e01","PRM.CED","OS.AIX","bib-crisp-db-e01","deltabank","AIX 6.1"
"OS.VM","bib-vcentar-02","SRB.BGD.SS","OS.VM","bib-vcentar-02","deltabank","VMware Photon 1.0 (x86_64)"
"OS.VM","OBR7-MAS-02","PRM.CED","OS.VM","OBR7-MAS-02","deltabank","Microsoft Windows 7 Enterprise"
"OS.VM","OB-ADAPTER-VIP","PRM.CED","OS.VM","OB-ADAPTER-VIP","ebank","Microsoft® Windows ® 2008 Standard"
"OS.VM","CW-WEB-GATEWAY","PRM.CED","OS.VM","CW-WEB-GATEWAY","ebank","Microsoft Windows 2008 R2 Standard"
"OS.VM","OB-ADAPTER-ARCH","PRM.CED","OS.VM","OB-ADAPTER-ARCH","ebank","Microsoft® Windows ® 2008 Standard"
"OS.VM","XENAPP-080","PRM.CED","OS.VM","XENAPP-080","deltabank","Microsoft Windows 2003 Standard"
"OS.VM","ALMPRO4","PRM.CED","OS.VM","ALMPRO4","deltabank","Microsoft Windows 2008 R2 Standard"
"OS.VM","OBR7-MAS-04","PRM.CED","OS.VM","OBR7-MAS-04","deltabank","Microsoft Windows 7 Enterprise"
"OS.VM","BIZONLINE","PRM.CED","OS.VM","BIZONLINE","online","Microsoft® Windows ® 2008 Standard"
"OS.VM","MB-APP-1","PRM.CED","OS.VM","MB-APP-1","ebank","Microsoft® Windows ® 2008 Standard"
"OS.VM","XENAPP-038","PRM.CED","OS.VM","XENAPP-038","deltabank","Microsoft Windows 2003 Standard"
"OS.VM","CSAPP1","PRM.CED","OS.VM","CSAPP1","deltabank","Microsoft Windows 2008 R2 Standard"
"OS.VM","DEV_NLB12","PRM.CED","OS.VM","DEV_NLB12","deltabank","Microsoft Windows 2012 R2 Standard"
"OS.VM","XENAPP-021","PRM.CED","OS.VM","XENAPP-021","deltabank","Microsoft Windows 2003 Standard"
"OS.VM","WRPSQLNODE2","PRM.CED","OS.VM","WRPSQLNODE2","deltabank","Microsoft Windows 2012 R2 Standard"
"OS.VM","sec-nessus","SRB.BGD.SS","OS.VM","sec-nessus","DELTABANK","Oracle Enterprise Linux 5"
"OS.VM","DC-BG-12","SRB.BGD.SS","OS.VM","DC-BG-12","deltabank","Microsoft Windows 2016 Standard"
"OS.VM","MOBI-APP-2","PRM.CED","OS.VM","MOBI-APP-2","online","Microsoft Windows 2008 R2 Standard"
"OS.VM","XENAPP-058","PRM.CED","OS.VM","XENAPP-058","deltabank","Microsoft Windows 2003 Standard"
"OS.VM","XENAPP-WI1","PRM.CED","OS.VM","XENAPP-WI1","deltabank","Microsoft Windows 2003 Standard"
"OS.VM","PP_NLB13","PRM.CED","OS.VM","PP_NLB13","deltabank","Microsoft Windows 2012 R2 Standard"
"OS.VM","ADAPTER4","PRM.CED","OS.VM","ADAPTER4","ebank","Microsoft Windows 2003 Standard"
"OS.VM","DCEBANK91","PRM.CED","OS.VM","DCEBANK91","ebank","Microsoft Windows 2016 Standard"
"OS.VM","XENAPP-118","PRM.CED","OS.VM","XENAPP-118","deltabank","Microsoft Windows 2003 Standard"
"OS.VM","DCONLINE91","PRM.CED","OS.VM","DCONLINE91","online","Microsoft Windows 2016 Standard"
"OS.VM","WSACRINTESA02","PRM.CED","OS.VM","WSACRINTESA02","deltabank","Microsoft® Windows ® 2008 Standard"
"OS.VM","SSEBANK1","PRM.CED","OS.VM","SSEBANK1","ebank","Microsoft Windows 2003 Standard"
"OS.VM","OCR7-PS-18","PRM.CED","OS.VM","OCR7-PS-18","deltabank","Microsoft Windows 7 Enterprise"
"OS.VM","PRGWS11","PRM.CED","OS.VM","PRGWS11","deltabank","Microsoft Windows 7 Enterprise"
"OS.VM","dns-dmz2","SRB.BGD.SS","OS.VM","dns-dmz2","DMZ","CentOS 6.9 (x86_64)"
"mssql.srv","AIRB\AIRB","PRM.CED","","BI2-NODE2","",""
"mssql.srv","APSQL\APSQL","PRM.CED","","PPAP-NODE23","",""
"MSSQL.SRV","ARHPP","PRM.CED","OS.VM","ARHPP","deltabank","Microsoft Windows 2012 R2 Standard"
"MSSQL.SRV","ARHWB\WBSQL","PRM.CED","","ARHWB","",""
"MSSQL.SRV","ARISDS","PRM.CED","OS.VM","ARISDS","deltabank","Microsoft Windows 2012 R2 Standard"
"mssql.srv","BGDSQL\BGDSQL","SRB.BGD.SS","","BGDSQL-NODE2","",""
"mssql.srv","BIBcoSQL","PRM.CED","","BIBCO-NODE2","",""
"MSSQL.SRV","BIBEX","SRB.BGD.SS","OS.VM","BIBEX","deltabank","Microsoft Windows 2012 R2 Standard"
"mssql.srv","BiEXT\BiEXT","PRM.CED","","BI2-NODE2","",""
"mssql.srv","BiSql","PRM.CED","","BI-NODE2","",""
"MSSQL.SRV","BIZSQL","PRM.CED","OS.VM","BIZSQL","online","Microsoft Windows 2012 R2 Standard"
"MSSQL.SRV","CCSQL","SRB.BGD.SS","OS.VM","CCSQL","deltabank","Microsoft Windows 2008 R2 Standard"
"MSSQL.SRV","DBRP02","PRM.CED","OS.VM","DBRP02","deltabank","Microsoft Windows 2012 R2 Standard"
"MSSQL.SRV","eboard","PRM.CED","OS.VM","EBOARD","deltabank","Microsoft Windows 2012 R2 Standard"
"MSSql.SRV","FDDB","PRM.CED","OS.VM","FDDB","deltabank","Microsoft Windows 2016 Standard"
"MSSQL.SRV","HobitDB\WBSQL","PRM.CED","","HOBITDB","",""
"MSSQL.SRV","HOMERDB","PRM.CED","OS.VM","HOMERDB","deltabank","Microsoft Windows 2016 Standard"
"MSSQL.SRV","IAM12-SQL","PRM.CED","OS.VM","IAM12-SQL","deltabank","Microsoft Windows 2012 Standard"
"MSSQL.SRV","iam-bi2","PRM.CED","OS.VM","IAM-BI2","deltabank","Microsoft Windows 2008 R2 Standard"
"MSSQL.SRV","ilmt","PRM.CED","OS.VM","ILMT","deltabank","Microsoft Windows 2008 R2 Standard"
"MSSQL.SRV","INV-DB-01","PRM.CED","OS.VM","INV-DB-01","deltabank","Microsoft Windows 2016 Standard"
"MSSQL.SRV","Leasing2","PRM.CED","OS.VM","LEASING2","deltabank","Microsoft Windows 2012 R2 Standard"
"MSSQL.SRV","LibraSrv","PRM.CED","OS.VM","LIBRASRV","deltabank","Microsoft Windows 2008 R2 Standard"
"MSSQL.SRV","LSSRV\I2008","PRM.CED","","LSSRV","",""
"MSSQL.SRV","LSSRV\I2008R2","PRM.CED","","LSSRV","",""
"MSSQL.SRV","LSSRV\I2012","PRM.CED","","LSSRV","",""
"MSSQL.SRV","LSSRV\I2014","PRM.CED","","LSSRV","",""
"MSSQL.SRV","MNG-BG-01","SRB.BGD.SS","OS.VM","MNG-BG-01","deltabank","Microsoft Windows 2008 R2 Standard"
"mssql.srv","OCRSQL","PRM.CED","","OCR-NODE22","",""
"MSSQL.SRV","OCTOPUS","PRM.CED","OS.VM","OCTOPUS","deltabank","Microsoft Windows 2016 Standard"
"mssql.srv","ONLINESQL\ONLINESQL","PRM.CED","","ONLINE-NODE22","",""
"mssql.srv","PPSQL","PRM.CED","","WBNODE2","",""
"MSSQL.SRV","ProjectSQL","PRM.CED","OS.VM","PROJECTSQL","deltabank","Microsoft Windows 2008 R2 Standard"
"MSSQL.SRV","SCCM-BG-01","SRB.BGD.SS","OS.VM","SCCM-BG-01","deltabank","Microsoft Windows 2012 R2 Standard"
"MSSQL.SRV","SE-BG-SQL","SRB.BGD.SS","OS.VM","SE-BG-SQL","deltabank","Microsoft Windows 2008 R2 Enterprise"
"MSSQL.SRV","se-secsql2","SRB.SEC","OS.VM","SE-SECSQL2","deltabank","Microsoft Windows 2008 R2 Standard"
"MSSQL.SRV","SPAZIO","PRM.CED","OS.VM","SPAZIO","deltabank","Microsoft Windows 2012 R2 Standard"
"MSSQL.SRV","SSEBANK1\SQLEXPRESS","PRM.CED","","SSEBANK1","",""
"MSSQL.SRV","SSEBANK2\SQLEXPRESS","PRM.CED","","SSEBANK2","",""
"mssql.srv","SYSSQL","SRB.BGD.SS","","SYSSQL12-NODE2","",""
"mssql.srv","TATA","PRM.CED","","EBANK-NODE22","",""
"MSSQL.SRV","TFSERVERSQL","PRM.CED","OS.VM","TFSERVERSQL","deltabank","Microsoft Windows 2012 R2 Standard"
"MSSQL.SRV","WB6\WBSQL","PRM.CED","","WB6","",""
"mssql.srv","wbsql\wbsql","PRM.CED","","WBNODE2","",""
"MSSQL.SRV","WRPSQLNode1\WRPSQL","PRM.CED","","WRPSQLNODE1","",""
"MSSQL.SRV","WRPSQLNode2\WRPSQL","PRM.CED","","WRPSQLNODE2","",""
"MSSQL.SRV","WWW-SQL-01","PRM.CED","OS.VM","WWW-SQL-01","WORKGROUP","Microsoft Windows 2012 R2 Standard"
"MSSQL.SRV","XENAPP-DB1","PRM.CED","OS.VM","XENAPP-DB1","deltabank","Microsoft Windows 2003 Standard"
